{"cameraMode":{"drawMode":0,"name":"Shaded","section":"Shading Mode"},"sceneLighting":false,"audioPlay":false,"sceneViewState":{"showFog":true,"showMaterialUpdate":false,"showSkybox":false,"showFlares":true,"showImageEffects":true,"showParticleSystems":true},"in2DMode":false,"pivot":{"x":732.239990234375,"y":210.72000122070313,"z":-508.0199890136719},"rotation":{"x":-0.11769722402095795,"y":0.8704858422279358,"z":-0.25249001383781435,"w":-0.4057728946208954},"size":1.2247449159622193,"orthographic":true}