{"cameraMode":{"drawMode":0,"name":"Shaded","section":"Shading Mode"},"sceneLighting":false,"audioPlay":false,"sceneViewState":{"showFog":true,"showMaterialUpdate":false,"showSkybox":false,"showFlares":true,"showImageEffects":true,"showParticleSystems":true},"in2DMode":false,"pivot":{"x":-0.019999995827674867,"y":-0.3919999897480011,"z":2.369999885559082},"rotation":{"x":-0.11769722402095795,"y":0.8704858422279358,"z":-0.25249001383781435,"w":-0.4057728946208954},"size":0.18701158463954926,"orthographic":true}