{"cameraMode":{"drawMode":0,"name":"Shaded","section":"Shading Mode"},"sceneLighting":false,"audioPlay":false,"sceneViewState":{"showFog":true,"showMaterialUpdate":false,"showSkybox":false,"showFlares":true,"showImageEffects":true,"showParticleSystems":true},"in2DMode":false,"pivot":{"x":2.6700000762939455,"y":2.5899999141693117,"z":0.0},"rotation":{"x":-0.11769722402095795,"y":0.8704858422279358,"z":-0.25249001383781435,"w":-0.4057728946208954},"size":0.4330156147480011,"orthographic":true}