{"cameraMode":{"drawMode":0,"name":"Shaded","section":"Shading Mode"},"sceneLighting":false,"audioPlay":false,"sceneViewState":{"showFog":true,"showMaterialUpdate":false,"showSkybox":false,"showFlares":true,"showImageEffects":true,"showParticleSystems":true},"in2DMode":false,"pivot":{"x":698.32763671875,"y":211.3404998779297,"z":-507.6329040527344},"rotation":{"x":-0.11769722402095795,"y":0.8704858422279358,"z":-0.25249001383781435,"w":-0.4057728946208954},"size":6.055683135986328,"orthographic":true}